CREATE TABLE IF NOT EXISTS "auth_group" ("id" integer NOT NULL PRIMARY KEY AUTOINCREMENT, "name" varchar(150) NOT NULL UNIQUE);
CREATE UNIQUE INDEX "auth_group_permissions_group_id_permission_id_0cd325b0_uniq" ON "auth_group_permissions" ("group_id", "permission_id");
CREATE INDEX IF NOT EXISTS "auth_group_permissions_group_id_b120cbf9" ON "auth_group_permissions" ("group_id");
CREATE INDEX IF NOT EXISTS "auth_group_permissions_permission_id_84c5c92e" ON "auth_group_permissions" ("permission_id");
CREATE UNIQUE INDEX "auth_user_groups_user_id_group_id_94350c0c_uniq" ON "auth_user_groups" ("user_id", "group_id");
CREATE INDEX IF NOT EXISTS "auth_user_groups_user_id_6a12ed8b" ON "auth_user_groups" ("user_id");
CREATE INDEX IF NOT EXISTS "auth_user_groups_group_id_97559544" ON "auth_user_groups" ("group_id");
CREATE UNIQUE INDEX "auth_user_user_permissions_user_id_permission_id_14a6b632_uniq" ON "auth_user_user_permissions" ("user_id", "permission_id");
CREATE INDEX IF NOT EXISTS "auth_user_user_permissions_user_id_a95ead1b" ON "auth_user_user_permissions" ("user_id");
CREATE INDEX IF NOT EXISTS "auth_user_user_permissions_permission_id_1fbb5f2c" ON "auth_user_user_permissions" ("permission_id");
CREATE INDEX IF NOT EXISTS "django_admin_log_content_type_id_c4bce8eb" ON "django_admin_log" ("content_type_id");
CREATE INDEX IF NOT EXISTS "django_admin_log_user_id_c564eba6" ON "django_admin_log" ("user_id");
CREATE UNIQUE INDEX "django_content_type_app_label_model_76bd3d3b_uniq" ON "django_content_type" ("app_label", "model");
CREATE UNIQUE INDEX "auth_permission_content_type_id_codename_01ab375a_uniq" ON "auth_permission" ("content_type_id", "codename");
CREATE INDEX IF NOT EXISTS "auth_permission_content_type_id_2f476e4b" ON "auth_permission" ("content_type_id");
CREATE INDEX IF NOT EXISTS "django_session_expire_date_a5c62663" ON "django_session" ("expire_date");
CREATE INDEX IF NOT EXISTS "simple_chatbot_pattern_tag_id_9fe12324" ON "simple_chatbot_pattern" ("tag_id");
CREATE INDEX IF NOT EXISTS "simple_chatbot_usermessageinput_correct_tag_id_68fc4f4c" ON "simple_chatbot_usermessageinput" ("correct_tag_id");
CREATE INDEX IF NOT EXISTS "simple_chatbot_usermessageinput_identified_tag_id_97f524bf" ON "simple_chatbot_usermessageinput" ("identified_tag_id");
CREATE UNIQUE INDEX "simple_chatbot_token_patterns_token_id_pattern_id_c95d46d6_uniq" ON "simple_chatbot_token_patterns" ("token_id", "pattern_id");
CREATE INDEX IF NOT EXISTS "simple_chatbot_token_patterns_token_id_43636405" ON "simple_chatbot_token_patterns" ("token_id");
CREATE INDEX IF NOT EXISTS "simple_chatbot_token_patterns_pattern_id_15802dad" ON "simple_chatbot_token_patterns" ("pattern_id");
CREATE TABLE IF NOT EXISTS "auth_group_permissions" ("id" integer NOT NULL PRIMARY KEY AUTOINCREMENT, "group_id" integer NOT NULL REFERENCES "auth_group" ("id") DEFERRABLE INITIALLY DEFERRED, "permission_id" integer NOT NULL REFERENCES "auth_permission" ("id") DEFERRABLE INITIALLY DEFERRED);
CREATE UNIQUE INDEX "auth_group_permissions_group_id_permission_id_0cd325b0_uniq" ON "auth_group_permissions" ("group_id", "permission_id");
CREATE INDEX IF NOT EXISTS "auth_group_permissions_group_id_b120cbf9" ON "auth_group_permissions" ("group_id");
CREATE INDEX IF NOT EXISTS "auth_group_permissions_permission_id_84c5c92e" ON "auth_group_permissions" ("permission_id");
CREATE UNIQUE INDEX "auth_user_groups_user_id_group_id_94350c0c_uniq" ON "auth_user_groups" ("user_id", "group_id");
CREATE INDEX IF NOT EXISTS "auth_user_groups_user_id_6a12ed8b" ON "auth_user_groups" ("user_id");
CREATE INDEX IF NOT EXISTS "auth_user_groups_group_id_97559544" ON "auth_user_groups" ("group_id");
CREATE UNIQUE INDEX "auth_user_user_permissions_user_id_permission_id_14a6b632_uniq" ON "auth_user_user_permissions" ("user_id", "permission_id");
CREATE INDEX IF NOT EXISTS "auth_user_user_permissions_user_id_a95ead1b" ON "auth_user_user_permissions" ("user_id");
CREATE INDEX IF NOT EXISTS "auth_user_user_permissions_permission_id_1fbb5f2c" ON "auth_user_user_permissions" ("permission_id");
CREATE INDEX IF NOT EXISTS "django_admin_log_content_type_id_c4bce8eb" ON "django_admin_log" ("content_type_id");
CREATE INDEX IF NOT EXISTS "django_admin_log_user_id_c564eba6" ON "django_admin_log" ("user_id");
CREATE UNIQUE INDEX "django_content_type_app_label_model_76bd3d3b_uniq" ON "django_content_type" ("app_label", "model");
CREATE UNIQUE INDEX "auth_permission_content_type_id_codename_01ab375a_uniq" ON "auth_permission" ("content_type_id", "codename");
CREATE INDEX IF NOT EXISTS "auth_permission_content_type_id_2f476e4b" ON "auth_permission" ("content_type_id");
CREATE INDEX IF NOT EXISTS "django_session_expire_date_a5c62663" ON "django_session" ("expire_date");
CREATE INDEX IF NOT EXISTS "simple_chatbot_pattern_tag_id_9fe12324" ON "simple_chatbot_pattern" ("tag_id");
CREATE INDEX IF NOT EXISTS "simple_chatbot_usermessageinput_correct_tag_id_68fc4f4c" ON "simple_chatbot_usermessageinput" ("correct_tag_id");
CREATE INDEX IF NOT EXISTS "simple_chatbot_usermessageinput_identified_tag_id_97f524bf" ON "simple_chatbot_usermessageinput" ("identified_tag_id");
CREATE UNIQUE INDEX "simple_chatbot_token_patterns_token_id_pattern_id_c95d46d6_uniq" ON "simple_chatbot_token_patterns" ("token_id", "pattern_id");
CREATE INDEX IF NOT EXISTS "simple_chatbot_token_patterns_token_id_43636405" ON "simple_chatbot_token_patterns" ("token_id");
CREATE INDEX IF NOT EXISTS "simple_chatbot_token_patterns_pattern_id_15802dad" ON "simple_chatbot_token_patterns" ("pattern_id");
CREATE TABLE IF NOT EXISTS "auth_permission" ("id" integer NOT NULL PRIMARY KEY AUTOINCREMENT, "content_type_id" integer NOT NULL REFERENCES "django_content_type" ("id") DEFERRABLE INITIALLY DEFERRED, "codename" varchar(100) NOT NULL, "name" varchar(255) NOT NULL);
INSERT INTO "auth_permission" VALUES(1,1,'add_feedback','Can add feedback');
INSERT INTO "auth_permission" VALUES(2,1,'change_feedback','Can change feedback');
INSERT INTO "auth_permission" VALUES(3,1,'delete_feedback','Can delete feedback');
INSERT INTO "auth_permission" VALUES(4,1,'view_feedback','Can view feedback');
INSERT INTO "auth_permission" VALUES(5,2,'add_pattern','Can add pattern');
INSERT INTO "auth_permission" VALUES(6,2,'change_pattern','Can change pattern');
INSERT INTO "auth_permission" VALUES(7,2,'delete_pattern','Can delete pattern');
INSERT INTO "auth_permission" VALUES(8,2,'view_pattern','Can view pattern');
INSERT INTO "auth_permission" VALUES(9,3,'add_tag','Can add tag');
INSERT INTO "auth_permission" VALUES(10,3,'change_tag','Can change tag');
INSERT INTO "auth_permission" VALUES(11,3,'delete_tag','Can delete tag');
INSERT INTO "auth_permission" VALUES(12,3,'view_tag','Can view tag');
INSERT INTO "auth_permission" VALUES(13,4,'add_token','Can add token');
INSERT INTO "auth_permission" VALUES(14,4,'change_token','Can change token');
INSERT INTO "auth_permission" VALUES(15,4,'delete_token','Can delete token');
INSERT INTO "auth_permission" VALUES(16,4,'view_token','Can view token');
INSERT INTO "auth_permission" VALUES(17,5,'add_usermessageinput','Can add user message input');
INSERT INTO "auth_permission" VALUES(18,5,'change_usermessageinput','Can change user message input');
INSERT INTO "auth_permission" VALUES(19,5,'delete_usermessageinput','Can delete user message input');
INSERT INTO "auth_permission" VALUES(20,5,'view_usermessageinput','Can view user message input');
INSERT INTO "auth_permission" VALUES(21,6,'add_logentry','Can add log entry');
INSERT INTO "auth_permission" VALUES(22,6,'change_logentry','Can change log entry');
INSERT INTO "auth_permission" VALUES(23,6,'delete_logentry','Can delete log entry');
INSERT INTO "auth_permission" VALUES(24,6,'view_logentry','Can view log entry');
INSERT INTO "auth_permission" VALUES(25,7,'add_permission','Can add permission');
INSERT INTO "auth_permission" VALUES(26,7,'change_permission','Can change permission');
INSERT INTO "auth_permission" VALUES(27,7,'delete_permission','Can delete permission');
INSERT INTO "auth_permission" VALUES(28,7,'view_permission','Can view permission');
INSERT INTO "auth_permission" VALUES(29,8,'add_group','Can add group');
INSERT INTO "auth_permission" VALUES(30,8,'change_group','Can change group');
INSERT INTO "auth_permission" VALUES(31,8,'delete_group','Can delete group');
INSERT INTO "auth_permission" VALUES(32,8,'view_group','Can view group');
INSERT INTO "auth_permission" VALUES(33,9,'add_user','Can add user');
INSERT INTO "auth_permission" VALUES(34,9,'change_user','Can change user');
INSERT INTO "auth_permission" VALUES(35,9,'delete_user','Can delete user');
INSERT INTO "auth_permission" VALUES(36,9,'view_user','Can view user');
INSERT INTO "auth_permission" VALUES(37,10,'add_contenttype','Can add content type');
INSERT INTO "auth_permission" VALUES(38,10,'change_contenttype','Can change content type');
INSERT INTO "auth_permission" VALUES(39,10,'delete_contenttype','Can delete content type');
INSERT INTO "auth_permission" VALUES(40,10,'view_contenttype','Can view content type');
INSERT INTO "auth_permission" VALUES(41,11,'add_session','Can add session');
INSERT INTO "auth_permission" VALUES(42,11,'change_session','Can change session');
INSERT INTO "auth_permission" VALUES(43,11,'delete_session','Can delete session');
INSERT INTO "auth_permission" VALUES(44,11,'view_session','Can view session');
CREATE UNIQUE INDEX "auth_group_permissions_group_id_permission_id_0cd325b0_uniq" ON "auth_group_permissions" ("group_id", "permission_id");
CREATE INDEX IF NOT EXISTS "auth_group_permissions_group_id_b120cbf9" ON "auth_group_permissions" ("group_id");
CREATE INDEX IF NOT EXISTS "auth_group_permissions_permission_id_84c5c92e" ON "auth_group_permissions" ("permission_id");
CREATE UNIQUE INDEX "auth_user_groups_user_id_group_id_94350c0c_uniq" ON "auth_user_groups" ("user_id", "group_id");
CREATE INDEX IF NOT EXISTS "auth_user_groups_user_id_6a12ed8b" ON "auth_user_groups" ("user_id");
CREATE INDEX IF NOT EXISTS "auth_user_groups_group_id_97559544" ON "auth_user_groups" ("group_id");
CREATE UNIQUE INDEX "auth_user_user_permissions_user_id_permission_id_14a6b632_uniq" ON "auth_user_user_permissions" ("user_id", "permission_id");
CREATE INDEX IF NOT EXISTS "auth_user_user_permissions_user_id_a95ead1b" ON "auth_user_user_permissions" ("user_id");
CREATE INDEX IF NOT EXISTS "auth_user_user_permissions_permission_id_1fbb5f2c" ON "auth_user_user_permissions" ("permission_id");
CREATE INDEX IF NOT EXISTS "django_admin_log_content_type_id_c4bce8eb" ON "django_admin_log" ("content_type_id");
CREATE INDEX IF NOT EXISTS "django_admin_log_user_id_c564eba6" ON "django_admin_log" ("user_id");
CREATE UNIQUE INDEX "django_content_type_app_label_model_76bd3d3b_uniq" ON "django_content_type" ("app_label", "model");
CREATE UNIQUE INDEX "auth_permission_content_type_id_codename_01ab375a_uniq" ON "auth_permission" ("content_type_id", "codename");
CREATE INDEX IF NOT EXISTS "auth_permission_content_type_id_2f476e4b" ON "auth_permission" ("content_type_id");
CREATE INDEX IF NOT EXISTS "django_session_expire_date_a5c62663" ON "django_session" ("expire_date");
CREATE INDEX IF NOT EXISTS "simple_chatbot_pattern_tag_id_9fe12324" ON "simple_chatbot_pattern" ("tag_id");
CREATE INDEX IF NOT EXISTS "simple_chatbot_usermessageinput_correct_tag_id_68fc4f4c" ON "simple_chatbot_usermessageinput" ("correct_tag_id");
CREATE INDEX IF NOT EXISTS "simple_chatbot_usermessageinput_identified_tag_id_97f524bf" ON "simple_chatbot_usermessageinput" ("identified_tag_id");
CREATE UNIQUE INDEX "simple_chatbot_token_patterns_token_id_pattern_id_c95d46d6_uniq" ON "simple_chatbot_token_patterns" ("token_id", "pattern_id");
CREATE INDEX IF NOT EXISTS "simple_chatbot_token_patterns_token_id_43636405" ON "simple_chatbot_token_patterns" ("token_id");
CREATE INDEX IF NOT EXISTS "simple_chatbot_token_patterns_pattern_id_15802dad" ON "simple_chatbot_token_patterns" ("pattern_id");
CREATE TABLE IF NOT EXISTS "auth_user" ("id" integer NOT NULL PRIMARY KEY AUTOINCREMENT, "password" varchar(128) NOT NULL, "last_login" datetime NULL, "is_superuser" bool NOT NULL, "username" varchar(150) NOT NULL UNIQUE, "last_name" varchar(150) NOT NULL, "email" varchar(254) NOT NULL, "is_staff" bool NOT NULL, "is_active" bool NOT NULL, "date_joined" datetime NOT NULL, "first_name" varchar(150) NOT NULL);
INSERT INTO "auth_user" VALUES(1,'pbkdf2_sha256$320000$vwQalGMpnl7Bd7qiPXDcaT$6tflzB8PCQcJQhHxWv7iZy6//oPUOGSJFXCq9ApKyTg=',NULL,1,'pramath','','',1,1,'2022-07-26 09:32:30.214655','');
CREATE UNIQUE INDEX "auth_group_permissions_group_id_permission_id_0cd325b0_uniq" ON "auth_group_permissions" ("group_id", "permission_id");
CREATE INDEX IF NOT EXISTS "auth_group_permissions_group_id_b120cbf9" ON "auth_group_permissions" ("group_id");
CREATE INDEX IF NOT EXISTS "auth_group_permissions_permission_id_84c5c92e" ON "auth_group_permissions" ("permission_id");
CREATE UNIQUE INDEX "auth_user_groups_user_id_group_id_94350c0c_uniq" ON "auth_user_groups" ("user_id", "group_id");
CREATE INDEX IF NOT EXISTS "auth_user_groups_user_id_6a12ed8b" ON "auth_user_groups" ("user_id");
CREATE INDEX IF NOT EXISTS "auth_user_groups_group_id_97559544" ON "auth_user_groups" ("group_id");
CREATE UNIQUE INDEX "auth_user_user_permissions_user_id_permission_id_14a6b632_uniq" ON "auth_user_user_permissions" ("user_id", "permission_id");
CREATE INDEX IF NOT EXISTS "auth_user_user_permissions_user_id_a95ead1b" ON "auth_user_user_permissions" ("user_id");
CREATE INDEX IF NOT EXISTS "auth_user_user_permissions_permission_id_1fbb5f2c" ON "auth_user_user_permissions" ("permission_id");
CREATE INDEX IF NOT EXISTS "django_admin_log_content_type_id_c4bce8eb" ON "django_admin_log" ("content_type_id");
CREATE INDEX IF NOT EXISTS "django_admin_log_user_id_c564eba6" ON "django_admin_log" ("user_id");
CREATE UNIQUE INDEX "django_content_type_app_label_model_76bd3d3b_uniq" ON "django_content_type" ("app_label", "model");
CREATE UNIQUE INDEX "auth_permission_content_type_id_codename_01ab375a_uniq" ON "auth_permission" ("content_type_id", "codename");
CREATE INDEX IF NOT EXISTS "auth_permission_content_type_id_2f476e4b" ON "auth_permission" ("content_type_id");
CREATE INDEX IF NOT EXISTS "django_session_expire_date_a5c62663" ON "django_session" ("expire_date");
CREATE INDEX IF NOT EXISTS "simple_chatbot_pattern_tag_id_9fe12324" ON "simple_chatbot_pattern" ("tag_id");
CREATE INDEX IF NOT EXISTS "simple_chatbot_usermessageinput_correct_tag_id_68fc4f4c" ON "simple_chatbot_usermessageinput" ("correct_tag_id");
CREATE INDEX IF NOT EXISTS "simple_chatbot_usermessageinput_identified_tag_id_97f524bf" ON "simple_chatbot_usermessageinput" ("identified_tag_id");
CREATE UNIQUE INDEX "simple_chatbot_token_patterns_token_id_pattern_id_c95d46d6_uniq" ON "simple_chatbot_token_patterns" ("token_id", "pattern_id");
CREATE INDEX IF NOT EXISTS "simple_chatbot_token_patterns_token_id_43636405" ON "simple_chatbot_token_patterns" ("token_id");
CREATE INDEX IF NOT EXISTS "simple_chatbot_token_patterns_pattern_id_15802dad" ON "simple_chatbot_token_patterns" ("pattern_id");
CREATE TABLE IF NOT EXISTS "auth_user_groups" ("id" integer NOT NULL PRIMARY KEY AUTOINCREMENT, "user_id" integer NOT NULL REFERENCES "auth_user" ("id") DEFERRABLE INITIALLY DEFERRED, "group_id" integer NOT NULL REFERENCES "auth_group" ("id") DEFERRABLE INITIALLY DEFERRED);
CREATE UNIQUE INDEX "auth_group_permissions_group_id_permission_id_0cd325b0_uniq" ON "auth_group_permissions" ("group_id", "permission_id");
CREATE INDEX IF NOT EXISTS "auth_group_permissions_group_id_b120cbf9" ON "auth_group_permissions" ("group_id");
CREATE INDEX IF NOT EXISTS "auth_group_permissions_permission_id_84c5c92e" ON "auth_group_permissions" ("permission_id");
CREATE UNIQUE INDEX "auth_user_groups_user_id_group_id_94350c0c_uniq" ON "auth_user_groups" ("user_id", "group_id");
CREATE INDEX IF NOT EXISTS "auth_user_groups_user_id_6a12ed8b" ON "auth_user_groups" ("user_id");
CREATE INDEX IF NOT EXISTS "auth_user_groups_group_id_97559544" ON "auth_user_groups" ("group_id");
CREATE UNIQUE INDEX "auth_user_user_permissions_user_id_permission_id_14a6b632_uniq" ON "auth_user_user_permissions" ("user_id", "permission_id");
CREATE INDEX IF NOT EXISTS "auth_user_user_permissions_user_id_a95ead1b" ON "auth_user_user_permissions" ("user_id");
CREATE INDEX IF NOT EXISTS "auth_user_user_permissions_permission_id_1fbb5f2c" ON "auth_user_user_permissions" ("permission_id");
CREATE INDEX IF NOT EXISTS "django_admin_log_content_type_id_c4bce8eb" ON "django_admin_log" ("content_type_id");
CREATE INDEX IF NOT EXISTS "django_admin_log_user_id_c564eba6" ON "django_admin_log" ("user_id");
CREATE UNIQUE INDEX "django_content_type_app_label_model_76bd3d3b_uniq" ON "django_content_type" ("app_label", "model");
CREATE UNIQUE INDEX "auth_permission_content_type_id_codename_01ab375a_uniq" ON "auth_permission" ("content_type_id", "codename");
CREATE INDEX IF NOT EXISTS "auth_permission_content_type_id_2f476e4b" ON "auth_permission" ("content_type_id");
CREATE INDEX IF NOT EXISTS "django_session_expire_date_a5c62663" ON "django_session" ("expire_date");
CREATE INDEX IF NOT EXISTS "simple_chatbot_pattern_tag_id_9fe12324" ON "simple_chatbot_pattern" ("tag_id");
CREATE INDEX IF NOT EXISTS "simple_chatbot_usermessageinput_correct_tag_id_68fc4f4c" ON "simple_chatbot_usermessageinput" ("correct_tag_id");
CREATE INDEX IF NOT EXISTS "simple_chatbot_usermessageinput_identified_tag_id_97f524bf" ON "simple_chatbot_usermessageinput" ("identified_tag_id");
CREATE UNIQUE INDEX "simple_chatbot_token_patterns_token_id_pattern_id_c95d46d6_uniq" ON "simple_chatbot_token_patterns" ("token_id", "pattern_id");
CREATE INDEX IF NOT EXISTS "simple_chatbot_token_patterns_token_id_43636405" ON "simple_chatbot_token_patterns" ("token_id");
CREATE INDEX IF NOT EXISTS "simple_chatbot_token_patterns_pattern_id_15802dad" ON "simple_chatbot_token_patterns" ("pattern_id");
CREATE TABLE IF NOT EXISTS "auth_user_user_permissions" ("id" integer NOT NULL PRIMARY KEY AUTOINCREMENT, "user_id" integer NOT NULL REFERENCES "auth_user" ("id") DEFERRABLE INITIALLY DEFERRED, "permission_id" integer NOT NULL REFERENCES "auth_permission" ("id") DEFERRABLE INITIALLY DEFERRED);
CREATE UNIQUE INDEX "auth_group_permissions_group_id_permission_id_0cd325b0_uniq" ON "auth_group_permissions" ("group_id", "permission_id");
CREATE INDEX IF NOT EXISTS "auth_group_permissions_group_id_b120cbf9" ON "auth_group_permissions" ("group_id");
CREATE INDEX IF NOT EXISTS "auth_group_permissions_permission_id_84c5c92e" ON "auth_group_permissions" ("permission_id");
CREATE UNIQUE INDEX "auth_user_groups_user_id_group_id_94350c0c_uniq" ON "auth_user_groups" ("user_id", "group_id");
CREATE INDEX IF NOT EXISTS "auth_user_groups_user_id_6a12ed8b" ON "auth_user_groups" ("user_id");
CREATE INDEX IF NOT EXISTS "auth_user_groups_group_id_97559544" ON "auth_user_groups" ("group_id");
CREATE UNIQUE INDEX "auth_user_user_permissions_user_id_permission_id_14a6b632_uniq" ON "auth_user_user_permissions" ("user_id", "permission_id");
CREATE INDEX IF NOT EXISTS "auth_user_user_permissions_user_id_a95ead1b" ON "auth_user_user_permissions" ("user_id");
CREATE INDEX IF NOT EXISTS "auth_user_user_permissions_permission_id_1fbb5f2c" ON "auth_user_user_permissions" ("permission_id");
CREATE INDEX IF NOT EXISTS "django_admin_log_content_type_id_c4bce8eb" ON "django_admin_log" ("content_type_id");
CREATE INDEX IF NOT EXISTS "django_admin_log_user_id_c564eba6" ON "django_admin_log" ("user_id");
CREATE UNIQUE INDEX "django_content_type_app_label_model_76bd3d3b_uniq" ON "django_content_type" ("app_label", "model");
CREATE UNIQUE INDEX "auth_permission_content_type_id_codename_01ab375a_uniq" ON "auth_permission" ("content_type_id", "codename");
CREATE INDEX IF NOT EXISTS "auth_permission_content_type_id_2f476e4b" ON "auth_permission" ("content_type_id");
CREATE INDEX IF NOT EXISTS "django_session_expire_date_a5c62663" ON "django_session" ("expire_date");
CREATE INDEX IF NOT EXISTS "simple_chatbot_pattern_tag_id_9fe12324" ON "simple_chatbot_pattern" ("tag_id");
CREATE INDEX IF NOT EXISTS "simple_chatbot_usermessageinput_correct_tag_id_68fc4f4c" ON "simple_chatbot_usermessageinput" ("correct_tag_id");
CREATE INDEX IF NOT EXISTS "simple_chatbot_usermessageinput_identified_tag_id_97f524bf" ON "simple_chatbot_usermessageinput" ("identified_tag_id");
CREATE UNIQUE INDEX "simple_chatbot_token_patterns_token_id_pattern_id_c95d46d6_uniq" ON "simple_chatbot_token_patterns" ("token_id", "pattern_id");
CREATE INDEX IF NOT EXISTS "simple_chatbot_token_patterns_token_id_43636405" ON "simple_chatbot_token_patterns" ("token_id");
CREATE INDEX IF NOT EXISTS "simple_chatbot_token_patterns_pattern_id_15802dad" ON "simple_chatbot_token_patterns" ("pattern_id");
CREATE TABLE IF NOT EXISTS "django_admin_log" ("id" integer NOT NULL PRIMARY KEY AUTOINCREMENT, "action_time" datetime NOT NULL, "object_id" text NULL, "object_repr" varchar(200) NOT NULL, "change_message" text NOT NULL, "content_type_id" integer NULL REFERENCES "django_content_type" ("id") DEFERRABLE INITIALLY DEFERRED, "user_id" integer NOT NULL REFERENCES "auth_user" ("id") DEFERRABLE INITIALLY DEFERRED, "action_flag" smallint unsigned NOT NULL CHECK ("action_flag" >= 0));
CREATE UNIQUE INDEX "auth_group_permissions_group_id_permission_id_0cd325b0_uniq" ON "auth_group_permissions" ("group_id", "permission_id");
CREATE INDEX IF NOT EXISTS "auth_group_permissions_group_id_b120cbf9" ON "auth_group_permissions" ("group_id");
CREATE INDEX IF NOT EXISTS "auth_group_permissions_permission_id_84c5c92e" ON "auth_group_permissions" ("permission_id");
CREATE UNIQUE INDEX "auth_user_groups_user_id_group_id_94350c0c_uniq" ON "auth_user_groups" ("user_id", "group_id");
CREATE INDEX IF NOT EXISTS "auth_user_groups_user_id_6a12ed8b" ON "auth_user_groups" ("user_id");
CREATE INDEX IF NOT EXISTS "auth_user_groups_group_id_97559544" ON "auth_user_groups" ("group_id");
CREATE UNIQUE INDEX "auth_user_user_permissions_user_id_permission_id_14a6b632_uniq" ON "auth_user_user_permissions" ("user_id", "permission_id");
CREATE INDEX IF NOT EXISTS "auth_user_user_permissions_user_id_a95ead1b" ON "auth_user_user_permissions" ("user_id");
CREATE INDEX IF NOT EXISTS "auth_user_user_permissions_permission_id_1fbb5f2c" ON "auth_user_user_permissions" ("permission_id");
CREATE INDEX IF NOT EXISTS "django_admin_log_content_type_id_c4bce8eb" ON "django_admin_log" ("content_type_id");
CREATE INDEX IF NOT EXISTS "django_admin_log_user_id_c564eba6" ON "django_admin_log" ("user_id");
CREATE UNIQUE INDEX "django_content_type_app_label_model_76bd3d3b_uniq" ON "django_content_type" ("app_label", "model");
CREATE UNIQUE INDEX "auth_permission_content_type_id_codename_01ab375a_uniq" ON "auth_permission" ("content_type_id", "codename");
CREATE INDEX IF NOT EXISTS "auth_permission_content_type_id_2f476e4b" ON "auth_permission" ("content_type_id");
CREATE INDEX IF NOT EXISTS "django_session_expire_date_a5c62663" ON "django_session" ("expire_date");
CREATE INDEX IF NOT EXISTS "simple_chatbot_pattern_tag_id_9fe12324" ON "simple_chatbot_pattern" ("tag_id");
CREATE INDEX IF NOT EXISTS "simple_chatbot_usermessageinput_correct_tag_id_68fc4f4c" ON "simple_chatbot_usermessageinput" ("correct_tag_id");
CREATE INDEX IF NOT EXISTS "simple_chatbot_usermessageinput_identified_tag_id_97f524bf" ON "simple_chatbot_usermessageinput" ("identified_tag_id");
CREATE UNIQUE INDEX "simple_chatbot_token_patterns_token_id_pattern_id_c95d46d6_uniq" ON "simple_chatbot_token_patterns" ("token_id", "pattern_id");
CREATE INDEX IF NOT EXISTS "simple_chatbot_token_patterns_token_id_43636405" ON "simple_chatbot_token_patterns" ("token_id");
CREATE INDEX IF NOT EXISTS "simple_chatbot_token_patterns_pattern_id_15802dad" ON "simple_chatbot_token_patterns" ("pattern_id");
CREATE TABLE IF NOT EXISTS "django_content_type" ("id" integer NOT NULL PRIMARY KEY AUTOINCREMENT, "app_label" varchar(100) NOT NULL, "model" varchar(100) NOT NULL);
INSERT INTO "django_content_type" VALUES(1,'feedback','feedback');
INSERT INTO "django_content_type" VALUES(2,'simple_chatbot','pattern');
INSERT INTO "django_content_type" VALUES(3,'simple_chatbot','tag');
INSERT INTO "django_content_type" VALUES(4,'simple_chatbot','token');
INSERT INTO "django_content_type" VALUES(5,'simple_chatbot','usermessageinput');
INSERT INTO "django_content_type" VALUES(6,'admin','logentry');
INSERT INTO "django_content_type" VALUES(7,'auth','permission');
INSERT INTO "django_content_type" VALUES(8,'auth','group');
INSERT INTO "django_content_type" VALUES(9,'auth','user');
INSERT INTO "django_content_type" VALUES(10,'contenttypes','contenttype');
INSERT INTO "django_content_type" VALUES(11,'sessions','session');
CREATE UNIQUE INDEX "auth_group_permissions_group_id_permission_id_0cd325b0_uniq" ON "auth_group_permissions" ("group_id", "permission_id");
CREATE INDEX IF NOT EXISTS "auth_group_permissions_group_id_b120cbf9" ON "auth_group_permissions" ("group_id");
CREATE INDEX IF NOT EXISTS "auth_group_permissions_permission_id_84c5c92e" ON "auth_group_permissions" ("permission_id");
CREATE UNIQUE INDEX "auth_user_groups_user_id_group_id_94350c0c_uniq" ON "auth_user_groups" ("user_id", "group_id");
CREATE INDEX IF NOT EXISTS "auth_user_groups_user_id_6a12ed8b" ON "auth_user_groups" ("user_id");
CREATE INDEX IF NOT EXISTS "auth_user_groups_group_id_97559544" ON "auth_user_groups" ("group_id");
CREATE UNIQUE INDEX "auth_user_user_permissions_user_id_permission_id_14a6b632_uniq" ON "auth_user_user_permissions" ("user_id", "permission_id");
CREATE INDEX IF NOT EXISTS "auth_user_user_permissions_user_id_a95ead1b" ON "auth_user_user_permissions" ("user_id");
CREATE INDEX IF NOT EXISTS "auth_user_user_permissions_permission_id_1fbb5f2c" ON "auth_user_user_permissions" ("permission_id");
CREATE INDEX IF NOT EXISTS "django_admin_log_content_type_id_c4bce8eb" ON "django_admin_log" ("content_type_id");
CREATE INDEX IF NOT EXISTS "django_admin_log_user_id_c564eba6" ON "django_admin_log" ("user_id");
CREATE UNIQUE INDEX "django_content_type_app_label_model_76bd3d3b_uniq" ON "django_content_type" ("app_label", "model");
CREATE UNIQUE INDEX "auth_permission_content_type_id_codename_01ab375a_uniq" ON "auth_permission" ("content_type_id", "codename");
CREATE INDEX IF NOT EXISTS "auth_permission_content_type_id_2f476e4b" ON "auth_permission" ("content_type_id");
CREATE INDEX IF NOT EXISTS "django_session_expire_date_a5c62663" ON "django_session" ("expire_date");
CREATE INDEX IF NOT EXISTS "simple_chatbot_pattern_tag_id_9fe12324" ON "simple_chatbot_pattern" ("tag_id");
CREATE INDEX IF NOT EXISTS "simple_chatbot_usermessageinput_correct_tag_id_68fc4f4c" ON "simple_chatbot_usermessageinput" ("correct_tag_id");
CREATE INDEX IF NOT EXISTS "simple_chatbot_usermessageinput_identified_tag_id_97f524bf" ON "simple_chatbot_usermessageinput" ("identified_tag_id");
CREATE UNIQUE INDEX "simple_chatbot_token_patterns_token_id_pattern_id_c95d46d6_uniq" ON "simple_chatbot_token_patterns" ("token_id", "pattern_id");
CREATE INDEX IF NOT EXISTS "simple_chatbot_token_patterns_token_id_43636405" ON "simple_chatbot_token_patterns" ("token_id");
CREATE INDEX IF NOT EXISTS "simple_chatbot_token_patterns_pattern_id_15802dad" ON "simple_chatbot_token_patterns" ("pattern_id");
CREATE TABLE IF NOT EXISTS "django_migrations" ("id" integer NOT NULL PRIMARY KEY AUTOINCREMENT, "app" varchar(255) NOT NULL, "name" varchar(255) NOT NULL, "applied" datetime NOT NULL);
INSERT INTO "django_migrations" VALUES(1,'contenttypes','0001_initial','2022-07-26 09:31:56.197203');
INSERT INTO "django_migrations" VALUES(2,'auth','0001_initial','2022-07-26 09:31:56.218332');
INSERT INTO "django_migrations" VALUES(3,'admin','0001_initial','2022-07-26 09:31:56.232742');
INSERT INTO "django_migrations" VALUES(4,'admin','0002_logentry_remove_auto_add','2022-07-26 09:31:56.242739');
INSERT INTO "django_migrations" VALUES(5,'admin','0003_logentry_add_action_flag_choices','2022-07-26 09:31:56.255849');
INSERT INTO "django_migrations" VALUES(6,'contenttypes','0002_remove_content_type_name','2022-07-26 09:31:56.275598');
INSERT INTO "django_migrations" VALUES(7,'auth','0002_alter_permission_name_max_length','2022-07-26 09:31:56.286300');
INSERT INTO "django_migrations" VALUES(8,'auth','0003_alter_user_email_max_length','2022-07-26 09:31:56.298625');
INSERT INTO "django_migrations" VALUES(9,'auth','0004_alter_user_username_opts','2022-07-26 09:31:56.309442');
INSERT INTO "django_migrations" VALUES(10,'auth','0005_alter_user_last_login_null','2022-07-26 09:31:56.319810');
INSERT INTO "django_migrations" VALUES(11,'auth','0006_require_contenttypes_0002','2022-07-26 09:31:56.324088');
INSERT INTO "django_migrations" VALUES(12,'auth','0007_alter_validators_add_error_messages','2022-07-26 09:31:56.333461');
INSERT INTO "django_migrations" VALUES(13,'auth','0008_alter_user_username_max_length','2022-07-26 09:31:56.343703');
INSERT INTO "django_migrations" VALUES(14,'auth','0009_alter_user_last_name_max_length','2022-07-26 09:31:56.354204');
INSERT INTO "django_migrations" VALUES(15,'auth','0010_alter_group_name_max_length','2022-07-26 09:31:56.365128');
INSERT INTO "django_migrations" VALUES(16,'auth','0011_update_proxy_permissions','2022-07-26 09:31:56.373846');
INSERT INTO "django_migrations" VALUES(17,'auth','0012_alter_user_first_name_max_length','2022-07-26 09:31:56.384736');
INSERT INTO "django_migrations" VALUES(18,'feedback','0001_initial','2022-07-26 09:31:56.390519');
INSERT INTO "django_migrations" VALUES(19,'keywords','0001_initial','2022-07-26 09:31:56.396608');
INSERT INTO "django_migrations" VALUES(20,'keywords','0002_delete_keyword','2022-07-26 09:31:56.401478');
INSERT INTO "django_migrations" VALUES(21,'sessions','0001_initial','2022-07-26 09:31:56.411255');
INSERT INTO "django_migrations" VALUES(22,'simple_chatbot','0001_initial','2022-07-26 09:31:56.421767');
INSERT INTO "django_migrations" VALUES(23,'simple_chatbot','0002_auto_20210501_1537','2022-07-26 09:31:56.434130');
INSERT INTO "django_migrations" VALUES(24,'simple_chatbot','0003_auto_20210501_1540','2022-07-26 09:31:56.447444');
INSERT INTO "django_migrations" VALUES(25,'simple_chatbot','0004_usermessageinput','2022-07-26 09:31:56.460460');
INSERT INTO "django_migrations" VALUES(26,'simple_chatbot','0005_auto_20210502_1535','2022-07-26 09:31:56.478849');
INSERT INTO "django_migrations" VALUES(27,'simple_chatbot','0006_alter_pattern_tag_alter_tag_method_and_more','2022-07-26 09:31:56.501866');
CREATE UNIQUE INDEX "auth_group_permissions_group_id_permission_id_0cd325b0_uniq" ON "auth_group_permissions" ("group_id", "permission_id");
CREATE INDEX IF NOT EXISTS "auth_group_permissions_group_id_b120cbf9" ON "auth_group_permissions" ("group_id");
CREATE INDEX IF NOT EXISTS "auth_group_permissions_permission_id_84c5c92e" ON "auth_group_permissions" ("permission_id");
CREATE UNIQUE INDEX "auth_user_groups_user_id_group_id_94350c0c_uniq" ON "auth_user_groups" ("user_id", "group_id");
CREATE INDEX IF NOT EXISTS "auth_user_groups_user_id_6a12ed8b" ON "auth_user_groups" ("user_id");
CREATE INDEX IF NOT EXISTS "auth_user_groups_group_id_97559544" ON "auth_user_groups" ("group_id");
CREATE UNIQUE INDEX "auth_user_user_permissions_user_id_permission_id_14a6b632_uniq" ON "auth_user_user_permissions" ("user_id", "permission_id");
CREATE INDEX IF NOT EXISTS "auth_user_user_permissions_user_id_a95ead1b" ON "auth_user_user_permissions" ("user_id");
CREATE INDEX IF NOT EXISTS "auth_user_user_permissions_permission_id_1fbb5f2c" ON "auth_user_user_permissions" ("permission_id");
CREATE INDEX IF NOT EXISTS "django_admin_log_content_type_id_c4bce8eb" ON "django_admin_log" ("content_type_id");
CREATE INDEX IF NOT EXISTS "django_admin_log_user_id_c564eba6" ON "django_admin_log" ("user_id");
CREATE UNIQUE INDEX "django_content_type_app_label_model_76bd3d3b_uniq" ON "django_content_type" ("app_label", "model");
CREATE UNIQUE INDEX "auth_permission_content_type_id_codename_01ab375a_uniq" ON "auth_permission" ("content_type_id", "codename");
CREATE INDEX IF NOT EXISTS "auth_permission_content_type_id_2f476e4b" ON "auth_permission" ("content_type_id");
CREATE INDEX IF NOT EXISTS "django_session_expire_date_a5c62663" ON "django_session" ("expire_date");
CREATE INDEX IF NOT EXISTS "simple_chatbot_pattern_tag_id_9fe12324" ON "simple_chatbot_pattern" ("tag_id");
CREATE INDEX IF NOT EXISTS "simple_chatbot_usermessageinput_correct_tag_id_68fc4f4c" ON "simple_chatbot_usermessageinput" ("correct_tag_id");
CREATE INDEX IF NOT EXISTS "simple_chatbot_usermessageinput_identified_tag_id_97f524bf" ON "simple_chatbot_usermessageinput" ("identified_tag_id");
CREATE UNIQUE INDEX "simple_chatbot_token_patterns_token_id_pattern_id_c95d46d6_uniq" ON "simple_chatbot_token_patterns" ("token_id", "pattern_id");
CREATE INDEX IF NOT EXISTS "simple_chatbot_token_patterns_token_id_43636405" ON "simple_chatbot_token_patterns" ("token_id");
CREATE INDEX IF NOT EXISTS "simple_chatbot_token_patterns_pattern_id_15802dad" ON "simple_chatbot_token_patterns" ("pattern_id");
CREATE TABLE IF NOT EXISTS "django_session" ("session_key" varchar(40) NOT NULL PRIMARY KEY, "session_data" text NOT NULL, "expire_date" datetime NOT NULL);
CREATE UNIQUE INDEX "auth_group_permissions_group_id_permission_id_0cd325b0_uniq" ON "auth_group_permissions" ("group_id", "permission_id");
CREATE INDEX IF NOT EXISTS "auth_group_permissions_group_id_b120cbf9" ON "auth_group_permissions" ("group_id");
CREATE INDEX IF NOT EXISTS "auth_group_permissions_permission_id_84c5c92e" ON "auth_group_permissions" ("permission_id");
CREATE UNIQUE INDEX "auth_user_groups_user_id_group_id_94350c0c_uniq" ON "auth_user_groups" ("user_id", "group_id");
CREATE INDEX IF NOT EXISTS "auth_user_groups_user_id_6a12ed8b" ON "auth_user_groups" ("user_id");
CREATE INDEX IF NOT EXISTS "auth_user_groups_group_id_97559544" ON "auth_user_groups" ("group_id");
CREATE UNIQUE INDEX "auth_user_user_permissions_user_id_permission_id_14a6b632_uniq" ON "auth_user_user_permissions" ("user_id", "permission_id");
CREATE INDEX IF NOT EXISTS "auth_user_user_permissions_user_id_a95ead1b" ON "auth_user_user_permissions" ("user_id");
CREATE INDEX IF NOT EXISTS "auth_user_user_permissions_permission_id_1fbb5f2c" ON "auth_user_user_permissions" ("permission_id");
CREATE INDEX IF NOT EXISTS "django_admin_log_content_type_id_c4bce8eb" ON "django_admin_log" ("content_type_id");
CREATE INDEX IF NOT EXISTS "django_admin_log_user_id_c564eba6" ON "django_admin_log" ("user_id");
CREATE UNIQUE INDEX "django_content_type_app_label_model_76bd3d3b_uniq" ON "django_content_type" ("app_label", "model");
CREATE UNIQUE INDEX "auth_permission_content_type_id_codename_01ab375a_uniq" ON "auth_permission" ("content_type_id", "codename");
CREATE INDEX IF NOT EXISTS "auth_permission_content_type_id_2f476e4b" ON "auth_permission" ("content_type_id");
CREATE INDEX IF NOT EXISTS "django_session_expire_date_a5c62663" ON "django_session" ("expire_date");
CREATE INDEX IF NOT EXISTS "simple_chatbot_pattern_tag_id_9fe12324" ON "simple_chatbot_pattern" ("tag_id");
CREATE INDEX IF NOT EXISTS "simple_chatbot_usermessageinput_correct_tag_id_68fc4f4c" ON "simple_chatbot_usermessageinput" ("correct_tag_id");
CREATE INDEX IF NOT EXISTS "simple_chatbot_usermessageinput_identified_tag_id_97f524bf" ON "simple_chatbot_usermessageinput" ("identified_tag_id");
CREATE UNIQUE INDEX "simple_chatbot_token_patterns_token_id_pattern_id_c95d46d6_uniq" ON "simple_chatbot_token_patterns" ("token_id", "pattern_id");
CREATE INDEX IF NOT EXISTS "simple_chatbot_token_patterns_token_id_43636405" ON "simple_chatbot_token_patterns" ("token_id");
CREATE INDEX IF NOT EXISTS "simple_chatbot_token_patterns_pattern_id_15802dad" ON "simple_chatbot_token_patterns" ("pattern_id");
CREATE TABLE IF NOT EXISTS "feedback_feedback" ("id" integer NOT NULL PRIMARY KEY AUTOINCREMENT, "name" varchar(250) NOT NULL, "email" varchar(250) NOT NULL, "feedback" text NOT NULL, "created_date" datetime NOT NULL);
CREATE UNIQUE INDEX "auth_group_permissions_group_id_permission_id_0cd325b0_uniq" ON "auth_group_permissions" ("group_id", "permission_id");
CREATE INDEX IF NOT EXISTS "auth_group_permissions_group_id_b120cbf9" ON "auth_group_permissions" ("group_id");
CREATE INDEX IF NOT EXISTS "auth_group_permissions_permission_id_84c5c92e" ON "auth_group_permissions" ("permission_id");
CREATE UNIQUE INDEX "auth_user_groups_user_id_group_id_94350c0c_uniq" ON "auth_user_groups" ("user_id", "group_id");
CREATE INDEX IF NOT EXISTS "auth_user_groups_user_id_6a12ed8b" ON "auth_user_groups" ("user_id");
CREATE INDEX IF NOT EXISTS "auth_user_groups_group_id_97559544" ON "auth_user_groups" ("group_id");
CREATE UNIQUE INDEX "auth_user_user_permissions_user_id_permission_id_14a6b632_uniq" ON "auth_user_user_permissions" ("user_id", "permission_id");
CREATE INDEX IF NOT EXISTS "auth_user_user_permissions_user_id_a95ead1b" ON "auth_user_user_permissions" ("user_id");
CREATE INDEX IF NOT EXISTS "auth_user_user_permissions_permission_id_1fbb5f2c" ON "auth_user_user_permissions" ("permission_id");
CREATE INDEX IF NOT EXISTS "django_admin_log_content_type_id_c4bce8eb" ON "django_admin_log" ("content_type_id");
CREATE INDEX IF NOT EXISTS "django_admin_log_user_id_c564eba6" ON "django_admin_log" ("user_id");
CREATE UNIQUE INDEX "django_content_type_app_label_model_76bd3d3b_uniq" ON "django_content_type" ("app_label", "model");
CREATE UNIQUE INDEX "auth_permission_content_type_id_codename_01ab375a_uniq" ON "auth_permission" ("content_type_id", "codename");
CREATE INDEX IF NOT EXISTS "auth_permission_content_type_id_2f476e4b" ON "auth_permission" ("content_type_id");
CREATE INDEX IF NOT EXISTS "django_session_expire_date_a5c62663" ON "django_session" ("expire_date");
CREATE INDEX IF NOT EXISTS "simple_chatbot_pattern_tag_id_9fe12324" ON "simple_chatbot_pattern" ("tag_id");
CREATE INDEX IF NOT EXISTS "simple_chatbot_usermessageinput_correct_tag_id_68fc4f4c" ON "simple_chatbot_usermessageinput" ("correct_tag_id");
CREATE INDEX IF NOT EXISTS "simple_chatbot_usermessageinput_identified_tag_id_97f524bf" ON "simple_chatbot_usermessageinput" ("identified_tag_id");
CREATE UNIQUE INDEX "simple_chatbot_token_patterns_token_id_pattern_id_c95d46d6_uniq" ON "simple_chatbot_token_patterns" ("token_id", "pattern_id");
CREATE INDEX IF NOT EXISTS "simple_chatbot_token_patterns_token_id_43636405" ON "simple_chatbot_token_patterns" ("token_id");
CREATE INDEX IF NOT EXISTS "simple_chatbot_token_patterns_pattern_id_15802dad" ON "simple_chatbot_token_patterns" ("pattern_id");
CREATE TABLE IF NOT EXISTS "simple_chatbot_pattern" ("id" integer NOT NULL PRIMARY KEY AUTOINCREMENT, "string" varchar(1024) NOT NULL, "tokenized_string" varchar(1024) NOT NULL, "tag_id" bigint NULL REFERENCES "simple_chatbot_tag" ("id") DEFERRABLE INITIALLY DEFERRED);
CREATE UNIQUE INDEX "auth_group_permissions_group_id_permission_id_0cd325b0_uniq" ON "auth_group_permissions" ("group_id", "permission_id");
CREATE INDEX IF NOT EXISTS "auth_group_permissions_group_id_b120cbf9" ON "auth_group_permissions" ("group_id");
CREATE INDEX IF NOT EXISTS "auth_group_permissions_permission_id_84c5c92e" ON "auth_group_permissions" ("permission_id");
CREATE UNIQUE INDEX "auth_user_groups_user_id_group_id_94350c0c_uniq" ON "auth_user_groups" ("user_id", "group_id");
CREATE INDEX IF NOT EXISTS "auth_user_groups_user_id_6a12ed8b" ON "auth_user_groups" ("user_id");
CREATE INDEX IF NOT EXISTS "auth_user_groups_group_id_97559544" ON "auth_user_groups" ("group_id");
CREATE UNIQUE INDEX "auth_user_user_permissions_user_id_permission_id_14a6b632_uniq" ON "auth_user_user_permissions" ("user_id", "permission_id");
CREATE INDEX IF NOT EXISTS "auth_user_user_permissions_user_id_a95ead1b" ON "auth_user_user_permissions" ("user_id");
CREATE INDEX IF NOT EXISTS "auth_user_user_permissions_permission_id_1fbb5f2c" ON "auth_user_user_permissions" ("permission_id");
CREATE INDEX IF NOT EXISTS "django_admin_log_content_type_id_c4bce8eb" ON "django_admin_log" ("content_type_id");
CREATE INDEX IF NOT EXISTS "django_admin_log_user_id_c564eba6" ON "django_admin_log" ("user_id");
CREATE UNIQUE INDEX "django_content_type_app_label_model_76bd3d3b_uniq" ON "django_content_type" ("app_label", "model");
CREATE UNIQUE INDEX "auth_permission_content_type_id_codename_01ab375a_uniq" ON "auth_permission" ("content_type_id", "codename");
CREATE INDEX IF NOT EXISTS "auth_permission_content_type_id_2f476e4b" ON "auth_permission" ("content_type_id");
CREATE INDEX IF NOT EXISTS "django_session_expire_date_a5c62663" ON "django_session" ("expire_date");
CREATE INDEX IF NOT EXISTS "simple_chatbot_pattern_tag_id_9fe12324" ON "simple_chatbot_pattern" ("tag_id");
CREATE INDEX IF NOT EXISTS "simple_chatbot_usermessageinput_correct_tag_id_68fc4f4c" ON "simple_chatbot_usermessageinput" ("correct_tag_id");
CREATE INDEX IF NOT EXISTS "simple_chatbot_usermessageinput_identified_tag_id_97f524bf" ON "simple_chatbot_usermessageinput" ("identified_tag_id");
CREATE UNIQUE INDEX "simple_chatbot_token_patterns_token_id_pattern_id_c95d46d6_uniq" ON "simple_chatbot_token_patterns" ("token_id", "pattern_id");
CREATE INDEX IF NOT EXISTS "simple_chatbot_token_patterns_token_id_43636405" ON "simple_chatbot_token_patterns" ("token_id");
CREATE INDEX IF NOT EXISTS "simple_chatbot_token_patterns_pattern_id_15802dad" ON "simple_chatbot_token_patterns" ("pattern_id");
CREATE TABLE IF NOT EXISTS "simple_chatbot_tag" ("id" integer NOT NULL PRIMARY KEY AUTOINCREMENT, "description" text NOT NULL, "method" varchar(120) NOT NULL UNIQUE);
CREATE UNIQUE INDEX "auth_group_permissions_group_id_permission_id_0cd325b0_uniq" ON "auth_group_permissions" ("group_id", "permission_id");
CREATE INDEX IF NOT EXISTS "auth_group_permissions_group_id_b120cbf9" ON "auth_group_permissions" ("group_id");
CREATE INDEX IF NOT EXISTS "auth_group_permissions_permission_id_84c5c92e" ON "auth_group_permissions" ("permission_id");
CREATE UNIQUE INDEX "auth_user_groups_user_id_group_id_94350c0c_uniq" ON "auth_user_groups" ("user_id", "group_id");
CREATE INDEX IF NOT EXISTS "auth_user_groups_user_id_6a12ed8b" ON "auth_user_groups" ("user_id");
CREATE INDEX IF NOT EXISTS "auth_user_groups_group_id_97559544" ON "auth_user_groups" ("group_id");
CREATE UNIQUE INDEX "auth_user_user_permissions_user_id_permission_id_14a6b632_uniq" ON "auth_user_user_permissions" ("user_id", "permission_id");
CREATE INDEX IF NOT EXISTS "auth_user_user_permissions_user_id_a95ead1b" ON "auth_user_user_permissions" ("user_id");
CREATE INDEX IF NOT EXISTS "auth_user_user_permissions_permission_id_1fbb5f2c" ON "auth_user_user_permissions" ("permission_id");
CREATE INDEX IF NOT EXISTS "django_admin_log_content_type_id_c4bce8eb" ON "django_admin_log" ("content_type_id");
CREATE INDEX IF NOT EXISTS "django_admin_log_user_id_c564eba6" ON "django_admin_log" ("user_id");
CREATE UNIQUE INDEX "django_content_type_app_label_model_76bd3d3b_uniq" ON "django_content_type" ("app_label", "model");
CREATE UNIQUE INDEX "auth_permission_content_type_id_codename_01ab375a_uniq" ON "auth_permission" ("content_type_id", "codename");
CREATE INDEX IF NOT EXISTS "auth_permission_content_type_id_2f476e4b" ON "auth_permission" ("content_type_id");
CREATE INDEX IF NOT EXISTS "django_session_expire_date_a5c62663" ON "django_session" ("expire_date");
CREATE INDEX IF NOT EXISTS "simple_chatbot_pattern_tag_id_9fe12324" ON "simple_chatbot_pattern" ("tag_id");
CREATE INDEX IF NOT EXISTS "simple_chatbot_usermessageinput_correct_tag_id_68fc4f4c" ON "simple_chatbot_usermessageinput" ("correct_tag_id");
CREATE INDEX IF NOT EXISTS "simple_chatbot_usermessageinput_identified_tag_id_97f524bf" ON "simple_chatbot_usermessageinput" ("identified_tag_id");
CREATE UNIQUE INDEX "simple_chatbot_token_patterns_token_id_pattern_id_c95d46d6_uniq" ON "simple_chatbot_token_patterns" ("token_id", "pattern_id");
CREATE INDEX IF NOT EXISTS "simple_chatbot_token_patterns_token_id_43636405" ON "simple_chatbot_token_patterns" ("token_id");
CREATE INDEX IF NOT EXISTS "simple_chatbot_token_patterns_pattern_id_15802dad" ON "simple_chatbot_token_patterns" ("pattern_id");
CREATE TABLE IF NOT EXISTS "simple_chatbot_token" ("id" integer NOT NULL PRIMARY KEY AUTOINCREMENT, "token" varchar(40) NOT NULL UNIQUE);
CREATE UNIQUE INDEX "auth_group_permissions_group_id_permission_id_0cd325b0_uniq" ON "auth_group_permissions" ("group_id", "permission_id");
CREATE INDEX IF NOT EXISTS "auth_group_permissions_group_id_b120cbf9" ON "auth_group_permissions" ("group_id");
CREATE INDEX IF NOT EXISTS "auth_group_permissions_permission_id_84c5c92e" ON "auth_group_permissions" ("permission_id");
CREATE UNIQUE INDEX "auth_user_groups_user_id_group_id_94350c0c_uniq" ON "auth_user_groups" ("user_id", "group_id");
CREATE INDEX IF NOT EXISTS "auth_user_groups_user_id_6a12ed8b" ON "auth_user_groups" ("user_id");
CREATE INDEX IF NOT EXISTS "auth_user_groups_group_id_97559544" ON "auth_user_groups" ("group_id");
CREATE UNIQUE INDEX "auth_user_user_permissions_user_id_permission_id_14a6b632_uniq" ON "auth_user_user_permissions" ("user_id", "permission_id");
CREATE INDEX IF NOT EXISTS "auth_user_user_permissions_user_id_a95ead1b" ON "auth_user_user_permissions" ("user_id");
CREATE INDEX IF NOT EXISTS "auth_user_user_permissions_permission_id_1fbb5f2c" ON "auth_user_user_permissions" ("permission_id");
CREATE INDEX IF NOT EXISTS "django_admin_log_content_type_id_c4bce8eb" ON "django_admin_log" ("content_type_id");
CREATE INDEX IF NOT EXISTS "django_admin_log_user_id_c564eba6" ON "django_admin_log" ("user_id");
CREATE UNIQUE INDEX "django_content_type_app_label_model_76bd3d3b_uniq" ON "django_content_type" ("app_label", "model");
CREATE UNIQUE INDEX "auth_permission_content_type_id_codename_01ab375a_uniq" ON "auth_permission" ("content_type_id", "codename");
CREATE INDEX IF NOT EXISTS "auth_permission_content_type_id_2f476e4b" ON "auth_permission" ("content_type_id");
CREATE INDEX IF NOT EXISTS "django_session_expire_date_a5c62663" ON "django_session" ("expire_date");
CREATE INDEX IF NOT EXISTS "simple_chatbot_pattern_tag_id_9fe12324" ON "simple_chatbot_pattern" ("tag_id");
CREATE INDEX IF NOT EXISTS "simple_chatbot_usermessageinput_correct_tag_id_68fc4f4c" ON "simple_chatbot_usermessageinput" ("correct_tag_id");
CREATE INDEX IF NOT EXISTS "simple_chatbot_usermessageinput_identified_tag_id_97f524bf" ON "simple_chatbot_usermessageinput" ("identified_tag_id");
CREATE UNIQUE INDEX "simple_chatbot_token_patterns_token_id_pattern_id_c95d46d6_uniq" ON "simple_chatbot_token_patterns" ("token_id", "pattern_id");
CREATE INDEX IF NOT EXISTS "simple_chatbot_token_patterns_token_id_43636405" ON "simple_chatbot_token_patterns" ("token_id");
CREATE INDEX IF NOT EXISTS "simple_chatbot_token_patterns_pattern_id_15802dad" ON "simple_chatbot_token_patterns" ("pattern_id");
CREATE TABLE IF NOT EXISTS "simple_chatbot_token_patterns" ("id" integer NOT NULL PRIMARY KEY AUTOINCREMENT, "token_id" bigint NOT NULL REFERENCES "simple_chatbot_token" ("id") DEFERRABLE INITIALLY DEFERRED, "pattern_id" bigint NOT NULL REFERENCES "simple_chatbot_pattern" ("id") DEFERRABLE INITIALLY DEFERRED);
CREATE UNIQUE INDEX "auth_group_permissions_group_id_permission_id_0cd325b0_uniq" ON "auth_group_permissions" ("group_id", "permission_id");
CREATE INDEX IF NOT EXISTS "auth_group_permissions_group_id_b120cbf9" ON "auth_group_permissions" ("group_id");
CREATE INDEX IF NOT EXISTS "auth_group_permissions_permission_id_84c5c92e" ON "auth_group_permissions" ("permission_id");
CREATE UNIQUE INDEX "auth_user_groups_user_id_group_id_94350c0c_uniq" ON "auth_user_groups" ("user_id", "group_id");
CREATE INDEX IF NOT EXISTS "auth_user_groups_user_id_6a12ed8b" ON "auth_user_groups" ("user_id");
CREATE INDEX IF NOT EXISTS "auth_user_groups_group_id_97559544" ON "auth_user_groups" ("group_id");
CREATE UNIQUE INDEX "auth_user_user_permissions_user_id_permission_id_14a6b632_uniq" ON "auth_user_user_permissions" ("user_id", "permission_id");
CREATE INDEX IF NOT EXISTS "auth_user_user_permissions_user_id_a95ead1b" ON "auth_user_user_permissions" ("user_id");
CREATE INDEX IF NOT EXISTS "auth_user_user_permissions_permission_id_1fbb5f2c" ON "auth_user_user_permissions" ("permission_id");
CREATE INDEX IF NOT EXISTS "django_admin_log_content_type_id_c4bce8eb" ON "django_admin_log" ("content_type_id");
CREATE INDEX IF NOT EXISTS "django_admin_log_user_id_c564eba6" ON "django_admin_log" ("user_id");
CREATE UNIQUE INDEX "django_content_type_app_label_model_76bd3d3b_uniq" ON "django_content_type" ("app_label", "model");
CREATE UNIQUE INDEX "auth_permission_content_type_id_codename_01ab375a_uniq" ON "auth_permission" ("content_type_id", "codename");
CREATE INDEX IF NOT EXISTS "auth_permission_content_type_id_2f476e4b" ON "auth_permission" ("content_type_id");
CREATE INDEX IF NOT EXISTS "django_session_expire_date_a5c62663" ON "django_session" ("expire_date");
CREATE INDEX IF NOT EXISTS "simple_chatbot_pattern_tag_id_9fe12324" ON "simple_chatbot_pattern" ("tag_id");
CREATE INDEX IF NOT EXISTS "simple_chatbot_usermessageinput_correct_tag_id_68fc4f4c" ON "simple_chatbot_usermessageinput" ("correct_tag_id");
CREATE INDEX IF NOT EXISTS "simple_chatbot_usermessageinput_identified_tag_id_97f524bf" ON "simple_chatbot_usermessageinput" ("identified_tag_id");
CREATE UNIQUE INDEX "simple_chatbot_token_patterns_token_id_pattern_id_c95d46d6_uniq" ON "simple_chatbot_token_patterns" ("token_id", "pattern_id");
CREATE INDEX IF NOT EXISTS "simple_chatbot_token_patterns_token_id_43636405" ON "simple_chatbot_token_patterns" ("token_id");
CREATE INDEX IF NOT EXISTS "simple_chatbot_token_patterns_pattern_id_15802dad" ON "simple_chatbot_token_patterns" ("pattern_id");
CREATE TABLE IF NOT EXISTS "simple_chatbot_usermessageinput" ("id" integer NOT NULL PRIMARY KEY AUTOINCREMENT, "message" varchar(1024) NOT NULL, "status" bool NULL, "timestamp" datetime NOT NULL, "correct_tag_id" bigint NULL REFERENCES "simple_chatbot_tag" ("id") DEFERRABLE INITIALLY DEFERRED, "identified_tag_id" bigint NULL REFERENCES "simple_chatbot_tag" ("id") DEFERRABLE INITIALLY DEFERRED);
CREATE UNIQUE INDEX "auth_group_permissions_group_id_permission_id_0cd325b0_uniq" ON "auth_group_permissions" ("group_id", "permission_id");
CREATE INDEX IF NOT EXISTS "auth_group_permissions_group_id_b120cbf9" ON "auth_group_permissions" ("group_id");
CREATE INDEX IF NOT EXISTS "auth_group_permissions_permission_id_84c5c92e" ON "auth_group_permissions" ("permission_id");
CREATE UNIQUE INDEX "auth_user_groups_user_id_group_id_94350c0c_uniq" ON "auth_user_groups" ("user_id", "group_id");
CREATE INDEX IF NOT EXISTS "auth_user_groups_user_id_6a12ed8b" ON "auth_user_groups" ("user_id");
CREATE INDEX IF NOT EXISTS "auth_user_groups_group_id_97559544" ON "auth_user_groups" ("group_id");
CREATE UNIQUE INDEX "auth_user_user_permissions_user_id_permission_id_14a6b632_uniq" ON "auth_user_user_permissions" ("user_id", "permission_id");
CREATE INDEX IF NOT EXISTS "auth_user_user_permissions_user_id_a95ead1b" ON "auth_user_user_permissions" ("user_id");
CREATE INDEX IF NOT EXISTS "auth_user_user_permissions_permission_id_1fbb5f2c" ON "auth_user_user_permissions" ("permission_id");
CREATE INDEX IF NOT EXISTS "django_admin_log_content_type_id_c4bce8eb" ON "django_admin_log" ("content_type_id");
CREATE INDEX IF NOT EXISTS "django_admin_log_user_id_c564eba6" ON "django_admin_log" ("user_id");
CREATE UNIQUE INDEX "django_content_type_app_label_model_76bd3d3b_uniq" ON "django_content_type" ("app_label", "model");
CREATE UNIQUE INDEX "auth_permission_content_type_id_codename_01ab375a_uniq" ON "auth_permission" ("content_type_id", "codename");
CREATE INDEX IF NOT EXISTS "auth_permission_content_type_id_2f476e4b" ON "auth_permission" ("content_type_id");
CREATE INDEX IF NOT EXISTS "django_session_expire_date_a5c62663" ON "django_session" ("expire_date");
CREATE INDEX IF NOT EXISTS "simple_chatbot_pattern_tag_id_9fe12324" ON "simple_chatbot_pattern" ("tag_id");
CREATE INDEX IF NOT EXISTS "simple_chatbot_usermessageinput_correct_tag_id_68fc4f4c" ON "simple_chatbot_usermessageinput" ("correct_tag_id");
CREATE INDEX IF NOT EXISTS "simple_chatbot_usermessageinput_identified_tag_id_97f524bf" ON "simple_chatbot_usermessageinput" ("identified_tag_id");
CREATE UNIQUE INDEX "simple_chatbot_token_patterns_token_id_pattern_id_c95d46d6_uniq" ON "simple_chatbot_token_patterns" ("token_id", "pattern_id");
CREATE INDEX IF NOT EXISTS "simple_chatbot_token_patterns_token_id_43636405" ON "simple_chatbot_token_patterns" ("token_id");
CREATE INDEX IF NOT EXISTS "simple_chatbot_token_patterns_pattern_id_15802dad" ON "simple_chatbot_token_patterns" ("pattern_id");
